"YEAR","GINI","gdp","L_gdp","D_L_gdp","gov_gdp","D_gov_gdp","serv_gdp","D_serv_gdp","infl","unemp","m_unemp","lfpr","D_lfpr","fem_lfpr","D_fem_lfpr","hs","col","hs_fem","col_fem"
1967,0.397,4904864,15.4057379237878,0.0270572913000109,33.8520497204408,1.62933849985547,28.8031173579206,0.490351656813857,2.73504006877245,3.84166666666667,2.33333333333333,59.5666666666667,0.416666666666664,41.1166666666667,0.858333333333334,31.634307293256,10.0606499847421,34.7632787123233,7.5816139510407
1968,0.386,5145914,15.4537135596749,0.047975635887024,33.3630721383995,-0.488977582041251,28.9412332522902,0.138115894369616,4.18307286445727,3.55833333333333,2.15,59.625,0.0583333333333371,41.6083333333333,0.491666666666667,32.5005400633048,10.4922559618293,35.7243696277632,7.95225075501707
1969,0.391,5306594,15.4844607561513,0.0307471964764581,32.3830313756809,-0.980040762718616,29.3784977619237,0.437264509633547,5.31841744492607,3.49166666666667,2.1,60.075,0.450000000000003,42.7,1.09166666666667,33.5341067285383,10.7053364269142,36.9452917011936,8.14365556515453
1970,0.394,5316391,15.486305247653,0.00184449150169463,31.6402612223217,-0.742770153359217,30.5534411065654,1.17494334464172,5.67418497303898,4.98333333333333,3.525,60.3833333333333,0.30833333333333,43.35,0.649999999999999,33.9712743573324,11.0346720336657,37.4832687259895,8.2448241695204
1971,0.396,5491445,15.5187019846819,0.0323967370289129,30.0558596143638,-1.58440160795789,30.7182040606087,0.16476295404323,4.20318225891063,5.95,4.375,60.1583333333333,-0.225000000000001,43.3583333333333,0.00833333333333286,34.375875690383,11.4004718558761,37.7913162862536,8.51038270121847
1972,0.401,5780048,15.5699225451123,0.0512205604304317,28.4046603073192,-1.65119930704455,30.8290921031029,0.110888042494274,3.21987925204645,5.6,3.95833333333333,60.3833333333333,0.225000000000001,43.8833333333333,0.524999999999999,35.2469563495991,12.0252310294872,38.6955190364397,9.03167636351264
1973,0.4,6106371,15.6248432103394,0.0549206652270904,26.8004023993956,-1.6042579079236,30.3736698246638,-0.45542227843913,5.99444852938578,4.85833333333333,3.24166666666667,60.775,0.391666666666666,44.7333333333333,0.850000000000001,35.8371874612372,12.6060992681587,39.1929630930283,9.62390675429355
1974,0.395,6073363,15.6194230458581,-0.0054201644813503,27.5384823861179,0.738079986722227,30.9739633183907,0.600293493726891,10.4853630456469,5.64166666666667,3.85833333333333,61.275,0.5,45.6666666666667,0.93333333333333,36.0506064953698,13.3037694013304,39.4030047010092,10.1334692133206
1975,0.397,6060875,15.6173647370613,-0.00205830879679958,28.2024955142616,0.664013128143679,32.0025948065884,1.02863148819769,8.74901086415263,8.475,6.78333333333333,61.2333333333333,-0.0416666666666643,46.35,0.683333333333337,36.2310410019077,13.8959939091679,39.7407090089071,10.6125022227251
1976,0.398,6387437,15.6698436504318,0.0524789133704697,26.9000226538438,-1.30247286041777,32.099773034442,0.0971782278535827,5.58585776428688,7.7,5.925,61.5833333333333,0.349999999999994,47.3,0.949999999999996,36.3127692514809,14.7213247172859,39.8897467670702,11.276332094176
1977,0.402,6682804,15.7150482179171,0.0452045674853281,26.0208738727037,-0.879148781140053,32.3557780525366,0.256005018094605,6.29906111934515,7.05,5.2,62.2333333333333,0.650000000000006,48.4333333333333,1.13333333333333,36.0734673616282,15.4107719036982,39.5790658765031,12.0416555908245
1978,0.402,7052711,15.7689226398794,0.0538744219622824,25.3631405001566,-0.657733372547128,32.2625583698581,-0.0932196826784448,7.35381883614261,6.06666666666667,4.25,63.15,0.916666666666664,49.9583333333333,1.52500000000001,36.0765410221185,15.714645705135,39.5732522236048,12.1879656512589
1979,0.404,7275999,15.800091681182,0.0311690413026184,25.0272024501378,-0.335938050018832,32.2563603471657,-0.00619802269238789,10.6649924176772,5.85,4.14166666666667,63.65,0.5,50.9416666666667,0.983333333333327,36.6455165808691,16.4244383255517,40.2132440543516,12.9002096246362
1980,0.403,7257316,15.7975206214765,-0.00257105970547755,25.5457802857144,0.518577835576668,33.2786781399409,1.02231779277512,12.7066054577251,7.175,6,63.775,0.125,51.475,0.533333333333339,36.7566655675605,17.017997224118,40.3564184294407,13.5641842944074
1981,0.406,7441485,15.8225809836667,0.0250603621901728,25.1544550583654,-0.391325227349075,33.1951789827445,-0.0834991571963286,9.83484263851082,7.61666666666667,6.325,63.875,0.100000000000001,52.1166666666667,0.641666666666666,37.5585971301515,17.0610764565572,41.0512856939906,13.4479329450206
1982,0.412,7307314,15.8043863223422,-0.0181946613244879,26.0766815275763,0.922226469210976,35.0490416709906,1.85386268824607,5.95080174718872,9.70833333333333,8.81666666666667,63.9916666666667,0.116666666666667,52.6333333333333,0.516666666666666,37.9454864749199,17.7456724171008,41.3547559989967,14.0408572782252
1983,0.414,7642266,15.8492047140252,0.0448183916829947,25.8642920830026,-0.212389444573738,35.9880936853164,0.939052014325839,3.16191562456121,9.6,8.93333333333333,64.0083333333333,0.0166666666666586,52.9083333333333,0.274999999999999,37.7191711346182,18.7762643095204,41.1033198203134,15.0514955626164
1984,0.415,8195295,15.9190707670717,0.0698660530464679,24.9657882968215,-0.898503786181077,35.3832821521032,-0.604811533213208,4.21063099961971,7.50833333333333,6.56666666666667,64.3666666666667,0.358333333333334,53.5666666666667,0.658333333333339,38.4057559270992,19.0789380229271,41.7535328569126,15.6506904518833
1985,0.419,8537004,15.959920684541,0.0408499174693464,25.5658893916414,0.600101094819848,36.3039553775208,0.920673225417609,3.48423358030567,7.19166666666667,6.15833333333333,64.8083333333333,0.441666666666677,54.4583333333333,0.891666666666666,38.2277528496976,19.375156768206,41.3287931580615,16.0041178333861
1986,0.425,8832611,15.9939612253598,0.0340405408187898,26.0519114902717,0.486022098630297,36.9167515898115,0.612796212290654,1.88025952969264,7,6.14166666666667,65.2416666666667,0.433333333333337,55.3,0.841666666666661,38.4281680149516,19.4323561109368,41.6046276361184,16.0812949080439
1987,0.426,9137745,16.0279241952662,0.0339629699064261,25.9128483011947,-0.139063189077014,37.4850959226316,0.568344332820146,3.59901468109101,6.175,5.40833333333333,65.575,0.333333333333329,55.9916666666667,0.69166666666667,38.6666577267607,19.8713994528778,41.6366115691947,16.5458090662317
1988,0.426,9519427,16.0688452158805,0.0409210206142632,25.1826606790514,-0.730187622143283,38.0545515864028,0.569455663771173,3.99679445548484,5.49166666666667,4.75833333333333,65.9083333333333,0.333333333333329,56.5916666666667,0.600000000000001,38.869654103604,20.3033600422066,41.7728663890422,16.9572525211981
1989,0.431,9869003,16.1049093931363,0.0360641772557813,24.980223432904,-0.202437246147365,38.1622346931179,0.107683106715072,4.71412152104236,5.25833333333333,4.50833333333333,66.4416666666667,0.533333333333331,57.4,0.80833333333333,38.4911290584152,21.124841879926,41.3196589645373,18.1045347831459
1990,0.428,10055129,16.1235934105447,0.0186840174084182,25.3024003968522,0.322176963948181,38.8669634675936,0.704728774475718,5.25730613154902,5.61666666666667,5.00833333333333,66.5333333333333,0.0916666666666686,57.525,0.125,38.4053712197677,21.2670405907831,41.0309805640801,18.4202835013883
1991,0.428,10044238,16.1225096947176,-0.00108371582706113,25.6339803975175,0.331580000665269,39.720100049869,0.85313658227544,4.14774337326067,6.85,6.43333333333333,66.1666666666667,-0.36666666666666,57.3916666666667,-0.133333333333333,38.6101553933986,21.4412643200121,40.961697934068,18.8109173507037
1992,0.433,10398046,16.1571284618437,0.0346187671260694,24.8764719832938,-0.757508414223679,40.4012099393175,0.681109889448415,2.98385658045515,7.49166666666667,7.11666666666667,66.4416666666667,0.274999999999991,57.8333333333333,0.44166666666667,35.9765462266908,21.3502707878652,38.0851770961922,18.6461399677144
1993,0.454,10684179,16.1842746070964,0.0271461452526616,24.0120087842033,-0.864463199090522,40.9654127054969,0.56420276617942,2.9089342221515,6.90833333333333,6.40833333333333,66.3,-0.141666666666666,57.9333333333333,0.100000000000001,35.3684301033005,21.8576885755346,37.3592702597997,19.2026390861812
1994,0.456,11114647,16.2237743459917,0.0394997388953691,23.101552392982,-0.910456391221278,40.8167239266026,-0.148688778894254,2.57402742563535,6.1,5.39166666666667,66.575,0.275000000000006,58.7916666666667,0.858333333333327,34.3531170978409,22.2135771250729,36.1869424121527,19.5852186151466
1995,0.45,11413012,16.2502646659678,0.0264903199760411,22.6124970340871,-0.489055358894927,41.1931988865079,0.376474959905295,2.76678863488939,5.59166666666667,4.81666666666667,66.625,0.0499999999999972,58.95,0.158333333333339,33.91653348394,22.967110876122,35.7252083932164,20.2288013797068
1996,0.455,11843599,16.2872981108253,0.0370334448575704,21.9925125800021,-0.619984454084982,41.2098937684826,0.0166948819747077,2.88906586943618,5.40833333333333,4.60833333333333,66.7666666666667,0.141666666666666,59.275,0.324999999999996,33.6014686050035,23.5665951771297,35.1325240952901,21.382296781233
1997,0.459,12370299,16.3308089154589,0.0435108046335912,21.401382456479,-0.591130123523051,41.1572555899399,-0.0526381785427503,2.31078447020758,4.94166666666667,4.15,67.1083333333333,0.341666666666669,59.8083333333333,0.533333333333331,33.7587421811339,23.857873971896,35.2514022998842,21.7207540382864
1998,0.456,12924876,16.3746643845023,0.0438554690433755,20.9799923805845,-0.421390075894482,41.5854033023066,0.42814771236668,1.54035449055501,4.5,3.69166666666667,67.0833333333333,-0.0250000000000057,59.85,0.0416666666666714,33.7806528038279,24.3730075314585,35.1744865586909,22.4211053598263
1999,0.458,13543774,16.4214375163003,0.0467731317980089,20.6749241385747,-0.30506824200987,41.4975041459129,-0.0878991563936822,2.16443342042876,4.21666666666667,3.45833333333333,67.0833333333333,0,60.0416666666667,0.191666666666663,33.3431172807532,25.2097793432094,34.7501568744014,23.1414511707784
2000,0.462,14096033,16.461403968245,0.0399664519447214,20.2267191060066,-0.448205032568037,42.0839742494161,0.586470103503174,3.32109335450292,3.96666666666667,3.3,67.0666666666667,-0.0166666666666657,59.9416666666667,-0.100000000000001,33.1484334874165,25.5920789819095,34.3101942807247,23.5690897184021
2001,0.466,14230726,16.4709139877386,0.00951001949357888,20.7906539694461,0.563934863439478,42.9808969612251,0.896922711809069,2.78697175004847,4.74166666666667,4.21666666666667,66.8333333333333,-0.233333333333334,59.7916666666667,-0.149999999999991,32.3035218333712,26.1811973013876,33.2113730605665,24.3019100039239
2002,0.462,14472712,16.4877755032992,0.0168615155606382,21.3540834641082,0.563429494662067,43.4631627759557,0.48226581473061,1.57358557134168,5.78333333333333,5.3,66.5833333333333,-0.25,59.6166666666667,-0.175000000000004,32.0936412249783,26.735184636163,33.1164736300002,25.0856578311227
2003,0.464,14877312,16.5153479258896,0.0275724225903815,21.1992999810718,-0.154783483036329,43.8019805437112,0.338817767755451,2.24471174825833,5.99166666666667,5.65,66.2416666666667,-0.341666666666654,59.4916666666667,-0.125,32.0180578130822,27.2071410442643,33.0648334127099,25.6600335452343
2004,0.466,15449757,16.553103833029,0.0377559071393705,20.7265136920924,-0.472786288979474,43.6265326348206,-0.175447908890554,2.64202578207327,5.54166666666667,5.04166666666667,65.9833333333333,-0.25833333333334,59.15,-0.341666666666669,32.0057150195852,27.6916243926454,32.8003781378765,26.1130919964241
2005,0.469,15987957,16.5873463092926,0.0342424762635964,20.1788946517682,-0.547619040324172,43.6080764789427,-0.0184561558779421,3.33646270639125,5.08333333333333,4.41666666666667,66.0333333333333,0.0499999999999972,59.2333333333333,0.0833333333333357,32.1560778805177,27.6611025152218,32.2361806493546,26.5286847370185
2006,0.47,16433148,16.6148110723907,0.0274647630981519,19.9428861712923,-0.236008480475885,43.7012321521285,0.0931556731858194,3.17500317892625,4.60833333333333,4.04166666666667,66.1666666666667,0.13333333333334,59.3583333333333,0.125,31.7368826999646,27.9960809655834,31.6283830568685,26.9038945921265
2007,0.463,16762445,16.6346515254332,0.019840453042459,19.90077819793,-0.0421079733623628,44.0753247772524,0.374092625123865,2.81274140367938,4.61666666666667,4.15,66.0333333333333,-0.13333333333334,59.3,-0.0583333333333371,31.644006216614,28.7374303975957,31.6035164573773,27.9938947639672
2008,0.466,16781485,16.6357867532998,0.00113522786654841,20.3801213063087,0.479343108378753,45.273693146219,1.1983683689666,3.76724026066837,5.8,5.475,66.025,-0.00833333333332575,59.4833333333333,0.183333333333337,31.16731616617,29.4373551361402,31.1209309176609,28.8250601463151
2009,0.468,16349110,16.6096840195752,-0.0261027337245814,21.6691550793896,1.28903377308093,46.3542267071979,1.08053356097889,-0.356179834234371,9.28333333333333,9.60833333333333,65.4,-0.625,59.2083333333333,-0.274999999999999,31.0795067705575,29.5403081423204,30.7501435285646,29.0638045286911
2010,0.47,16789750,16.6362791391275,0.0265951195523293,21.082231718757,-0.586923360632664,46.1322704389556,-0.221956268242266,1.62673998780853,9.60833333333333,9.81666666666667,64.7083333333333,-0.691666666666677,58.625,-0.583333333333336,31.2392461286063,29.9307750790285,30.6689960715423,29.61593776242
2011,0.477,17052410,16.6518021006786,0.0155229615510812,20.09599229669,-0.986239422066951,46.0311497659062,-0.101120673049358,3.108037773415,8.93333333333333,8.7,64.1083333333333,-0.599999999999994,58.1166666666667,-0.508333333333333,30.7185067206502,30.4366810060384,30.2339848355588,30.0719879604689
2012,0.477,17442759,16.6744351634742,0.0226330627955811,19.2398347073419,-0.856157589348143,45.5865490092574,-0.444600756648803,2.04821734627725,8.075,7.525,63.7,-0.408333333333331,57.675,-0.441666666666663,30.361376289844,30.9371929670201,29.9624272027052,30.5504414803682
2013,0.482,17812167,16.6953923210816,0.0209571576073877,18.3896209821073,-0.850213725234543,45.2946720224531,-0.291876986804311,1.45420761577295,7.35833333333333,6.975,63.2583333333333,-0.44166666666667,57.2,-0.475000000000009,29.8232470915761,31.660858679839,29.4533152406268,31.3911556406491
2014,0.48,18261714,16.7203172951005,0.0249249740189619,17.7818084326586,-0.60781254944872,45.3646660424856,0.0699940200324605,1.60920553309518,6.15833333333333,5.70833333333333,62.8833333333333,-0.375,56.9833333333333,-0.216666666666661,29.7390664494211,31.9556398629633,29.000414002484,32.0014720088321
2015,0.479,18799622,16.7493473212151,0.0290300261145475,17.625748007061,-0.15606042559763,45.5987938574975,0.234127815011917,0.118556829162131,5.275,4.90833333333333,62.6583333333333,-0.225000000000001,56.7,-0.283333333333331,29.4981426658873,32.500989949654,28.6434758945984,32.6735906390312
2016,0.481,19141672,16.7673782964956,0.0180309752805172,17.6500151083981,0.0242671013370632,46.2316044748519,0.632810617354366,1.25369154868018,4.875,4.50833333333333,62.8,0.141666666666666,56.7916666666667,0.0916666666666615,28.8361277120201,33.4395274748273,27.9650313947135,33.6940067894987
2017,0.482,19612102,16.7916573826371,0.0242790861415685,17.3216568014994,-0.328358306898654,46.2898418537697,0.0582373789178163,2.10774026958198,4.35833333333333,3.99166666666667,62.85,0.0500000000000043,57.0416666666667,0.25,28.8178645682069,34.1612845229369,27.7236516070588,34.6288089380712
2018,0.486,20193896,16.8208909384886,0.0292335558514267,17.1586503169076,-0.163006484591758,46.088285168709,-0.201556685060687,2.41322926836895,3.89166666666667,3.575,62.8833333333333,0.0333333333333314,57.0916666666667,0.0500000000000043,28.5152163035073,34.9924942000637,27.5162544200616,35.3174986180453
2019,0.484,20715671,16.8464010249555,0.0255100864669409,17.3799970080622,0.221346691154515,45.9829817870786,-0.105303381630435,1.79598527360865,3.675,3.36666666666667,63.1,0.216666666666669,57.4333333333333,0.341666666666669,28.1106927098854,36.0378908966128,27.009226104911,36.5986252319594
2020,0.488,20284500,16.8253676055637,-0.0210334193918555,18.3524168700239,0.97241986196175,44.5501886033685,-1.43279318371003,1.22603774349654,8.1,7.46666666666667,61.7416666666667,-1.35833333333333,56.2083333333333,-1.225,27.6147907719069,37.5243210286114,26.1753505279557,38.320062316081
2021,0.494,21532407,16.8850696605835,0.0597020550198835,17.2699735798232,-1.08244329020071,44.7626903293883,0.212501726019774,4.59084814752551,5.35,5.20833333333333,61.675,-0.06666666666667,56.0833333333333,-0.125,27.8506545551697,37.8649033751892,26.4018993058244,39.0888837277318
2022,0.488,22075931,16.9099984779704,0.0249288173868756,16.6367162499285,-0.633257329894708,45.1027445657034,0.340054236315105,7.69869650641857,3.65,3.41666666666667,62.2333333333333,0.558333333333337,56.775,0.691666666666663,28.4897955575983,37.6609773990825,26.9854509183463,39.0082204031093
2023,0.485,22723719,16.938919826802,0.0289213488316058,16.7256424883621,0.0889262384335652,45.727401349592,0.624656783888561,4.03387262489039,3.625,3.48333333333333,62.6083333333333,0.375,57.325,0.550000000000004,28.1554677206851,38.3443126921388,26.5895458440446,39.7086546700943
2024,0.488,23358435,16.966468718817,0.0275488920150053,16.8903524572601,0.164709968898034,46.5372173874044,0.809816037812425,2.90686355746557,4.025,3.75833333333333,62.5916666666667,-0.0166666666666657,57.5,0.174999999999997,27.8546562228024,38.6814621409922,26.1812023708721,40.1354784081287
